<?xml version="1.0" encoding="UTF-8"?>
<!DOCTYPE mapper PUBLIC "-//mybatis.org//DTD Mapper 3.0//EN" "http://mybatis.org/dtd/mybatis-3-mapper.dtd">
<mapper namespace="com.example.mapper.ProductMapper">
	<select id="best" resultType="hashmap">
		select * from tbl_product
		order by viewcnt desc
		limit 0, 10
	</select>
	<select id="new" resultType="hashmap">
		select * from tbl_product
		order by pcode desc
		limit 0, 10
	</select>
	<update id="viewcnt">
		update tbl_product set viewcnt = viewcnt + 1
		where pcode = #{pcode}
	</update>
	<select id="totCount" resultType="int">
		select count(*) from tbl_product
		<if test="searchType=='pcode'">
 			where pcode like concat('%', #{keyword}, '%')
 		</if>
 		<if test="searchType=='pname'">
 			where pname like concat('%', #{keyword}, '%')
 		</if>
	</select>
	<select id="maxCode" resultType="String">
		select max(pcode) from tbl_product
	</select>
	<select id="list" resultType="hashmap">
		select tbl_product.*, format(price, 0) fmtPrice from tbl_product
		<if test="cri.searchType=='pcode'">
			where pcode like concat('%', #{cri.keyword}, '%')
		</if>
		<if test="cri.searchType=='pname'">
			where pname like concat('%', #{cri.keyword}, '%')
		</if>
		<if test="orderType=='order1'">
			order by viewcnt desc
		</if>
		<if test="orderType=='order2'">
			order by pcode desc
		</if>
		<if test="orderType=='order3'">
			order by price
		</if>
		<if test="orderType=='order4'">
			order by price desc
		</if>
		limit #{cri.pageStart}, #{cri.perPageNum}
	</select>
	<insert id="insert">
		insert into tbl_product(pcode, pname, image, price)
		values(#{pcode}, #{pname}, #{image}, #{price})
	</insert>
	<select id="read" resultType="com.example.domain.ProductVO">
		select * from tbl_product
		where pcode = #{pcode}
	</select>
	<update id="update">
		update tbl_product set pname = #{pname}, image = #{image}, price = #{price}
		where pcode = #{pcode}
	</update>
	<delete id="delete">
		delete from tbl_product
		where pcode = #{pcode}
	</delete>
</mapper>
