<?xml version="1.0" encoding="UTF-8"?>
<!DOCTYPE mapper PUBLIC "-//mybatis.org//DTD Mapper 3.0//EN" "http://mybatis.org/dtd/mybatis-3-mapper.dtd">
<mapper namespace="com.example.mapper.UserMapper">
	<select id="list" resultType="com.example.domain.UserVO">
		select * from tbl_user
		<if test="searchType == 'uid'">
			where uid like concat('%', #{keyword}, '%')
		</if>
		<if test="searchType == 'uname'">
			where uname like concat('%', #{keyword}, '%')
		</if>
		<if test="searchType == 'tel'">
			where tel like concat('%', #{keyword}, '%')
		</if>
		<if test="searchType == 'address'">
			where address like concat('%', #{keyword}, '%')
		</if>
		limit #{pageStart}, #{perPageNum}
	</select>
	<select id="totalCount" resultType="int">
		select count(*) from tbl_user
		<if test="searchType == 'uid'">
			where uid like concat('%', #{keyword}, '%')
		</if>
		<if test="searchType == 'uname'">
			where uname like concat('%', #{keyword}, '%')
		</if>
		<if test="searchType == 'tel'">
			where tel like concat('%', #{keyword}, '%')
		</if>
		<if test="searchType == 'address'">
			where address like concat('%', #{keyword}, '%')
		</if>
	</select>
</mapper>
