<?xml version="1.0" encoding="UTF-8"?>
<!DOCTYPE mapper PUBLIC "-//mybatis.org//DTD Mapper 3.0//EN" "http://mybatis.org/dtd/mybatis-3-mapper.dtd">
<mapper namespace="com.example.mapper.BoardMapper">
	<select id="list" resultType="com.example.domain.BoardVO">
		select * from tbl_board
		order by bno desc
		limit 0, 10
	</select>
	<select id="read" resultType="com.example.domain.BoardVO">
		select * from tbl_board
		where bno = #{bno}
	</select>
	<insert id="insert">
		insert into tbl_board(title, content, writer)
		values(#{title}, #{content}, 'user01')
	</insert>
	<update id = "update">
		update tbl_board set title = #{title}, content = #{content}
		where bno = #{bno}
	</update>
	<delete id = "delete">
		delete from tbl_board
		where bno = #{bno}
	</delete>
	<insert id = "addAttach">
		insert into tbl_attach(bno, fullName)
		values(last_insert_id(), #{fullName})
	</insert>
	<select id="getAttach" resultType = "string">
		select fullName from tbl_attach
		where bno = #{bno}
	</select>
	<insert id="replaceAttach">
		insert into tbl_attach(bno, fullname)
		values(#{bno}, #{fullName})
	</insert>
	<delete id="deleteAttach">
		delete from tbl_Attach
		where bno = #{bno}
	</delete>
	<update id="attachcount">
		update tbl_board
		set attachcount = (select count(*) from tbl_attach where tbl_attach.bno = #{bno})
		where bno = #{bno};
	</update>
	<update id="newattachcount">
		update tbl_board
		set attachcount = (select count(*) from tbl_attach where tbl_attach.bno = last_insert_id())
		where bno = last_insert_id();
	</update>
</mapper>
