<?xml version="1.0" encoding="UTF-8"?>
<!DOCTYPE mapper PUBLIC "-//mybatis.org//DTD Mapper 3.0//EN" "http://mybatis.org/dtd/mybatis-3-mapper.dtd">
<mapper namespace="board">
    
    <resultMap type="com.spring.board.vo.BoardVo" id="boardVo">
    	<result property="boardType" 	column="BOARD_TYPE"/>
    	<result property="boardNum" 	column="BOARD_NUM"/>
    	<result property="boardTitle" 	column="BOARD_TITLE"/>
    	<result property="boardComment" column="BOARD_COMMENT"/>
    	<result property="codeId" 		column="CODE_ID"/>
    	<result property="codeName" 	column="CODE_NAME"/>
    	<result property="boardWriter" 	column="BOARD_WRITER"/>
    </resultMap>
    
    <resultMap type="com.spring.board.vo.ComCodeVo" id="comCodeVo">
		<result property="codeType"		column="CODE_TYPE"/>
		<result property="codeId"		column="CODE_ID"/>
		<result property="codeName"		column="CODE_NAME"/>
	</resultMap>
	
	<resultMap type="com.spring.board.vo.JoinVo" id="joinVo">
		<result property="codeType"		column="CODE_TYPE"/>
		<result property="codeId"		column="CODE_ID"/>
		<result property="codeName"		column="CODE_NAME"/>
		<result property="userId"		column="USER_ID"/>
		<result property="userPw"		column="USER_PW"/>
		<result property="userName"		column="USER_NAME"/>
	</resultMap>
    
    <select id="boardList" parameterType="com.spring.board.vo.PageVo" resultMap="boardVo">
    	/* board.boardList */
        SELECT 
		  CODE_NAME
		  ,BOARD_TYPE
		  ,BOARD_NUM
		  ,BOARD_TITLE
		  ,BOARD_COMMENT
		  ,TOTAL_CNT
		FROM
		(
		  SELECT
		      	CODE_NAME
		      	,BOARD_TYPE
				,BOARD_NUM
				,BOARD_TITLE
				,BOARD_COMMENT
		      	,ROW_NUMBER() OVER(ORDER BY BOARD_NUM DESC) AS NUMROW
		      	,COUNT(*) OVER() AS TOTAL_CNT
			FROM
				BOARD, COM_CODE
			WHERE
				CODE_ID = BOARD_TYPE
			<if test = 'codeId != null and codeId != ""'>
				AND
					CODE_ID IN
				<foreach collection="codeId" item="codeId" open="(" separator="," close=")">
					#{codeId}
				</foreach>
			</if>
						
		)
		WHERE NUMROW BETWEEN (#{pageNo}-1)*10 + 1 AND (#{pageNo})*10
    </select>
    
    <select id="boardTotal" parameterType="Integer" resultType="Integer">
    	/* board.boardTotal */
		SELECT
		  	COUNT(*) AS TOTAL_CNT
		FROM
			BOARD
    </select>
    	
    <select id="boardView" parameterType="com.spring.board.vo.BoardVo" resultMap="boardVo">
    	/* board.boardView */
    	SELECT
        	BOARD_TYPE
			,BOARD_NUM
			,BOARD_TITLE
			,BOARD_COMMENT
			,BOARD_WRITER
		FROM
			BOARD
    	WHERE 	BOARD_TYPE = #{boardType}
    	AND 	BOARD_NUM  = #{boardNum}
    </select>	
    
    <!-- <select id="boardInsert" parameterType="com.spring.board.vo.BoardVo"> -->
    <select id="boardInsert" parameterType="com.spring.board.vo.BoardVo">
    	/* board.boardInsert */
        INSERT INTO
        BOARD
        (BOARD_TYPE
        ,BOARD_NUM
        ,BOARD_TITLE
        ,BOARD_COMMENT
        ,CREATOR
        ,CREATE_TIME
        ,MODIFIER
        ,MODIFIED_TIME
        ,BOARD_WRITER
        )
        VALUES
        (#{boardType}
        ,(SELECT NVL(MAX(BOARD_NUM), 0)+1
        FROM BOARD)
        <!--  WHERE BOARD_TYPE = '1' -->
        ,#{boardTitle}
        ,#{boardComment}
        ,'SYSTEM'
        ,TO_CHAR(SYSDATE)
        ,'SYSTEM'
        ,TO_CHAR(SYSDATE)
        ,#{boardWriter}
        )
    </select>
    
    <select id = "boardUpdate" parameterType="com.spring.board.vo.BoardVo">
    	/* board.boardUpdate */
	    UPDATE BOARD 
	    SET
	    	BOARD_TYPE = #{boardType},
			BOARD_TITLE = #{boardTitle},
			BOARD_COMMENT = #{boardComment}
		WHERE BOARD_NUM = #{boardNum}
	</select>
	
	<select id = "boardDelete" parameterType="int">
		/* board.boardDelete */
		DELETE 
		FROM BOARD
		WHERE BOARD_NUM = #{boardNum}
	</select>	
	
	<select id = "comCodeType" parameterType="com.spring.board.vo.BoardVo" resultMap="boardVo">
		/* comCode.comCodeType */
		SELECT
			CODE_ID,
			CODE_NAME
		FROM
		COM_CODE
		WHERE CODE_ID LIKE 'a%'
	</select>
	
	<select id = "joinNumType" parameterType="com.spring.board.vo.JoinVo" resultMap="joinVo">
		/* userInfo.joinNumType */
		SELECT
			CODE_ID,
			CODE_NAME
		FROM
		COM_CODE
		WHERE CODE_ID IN
		('1', '2', '3', '4', '5')
	</select>

	<select id = "boardJoin" parameterType="com.spring.board.vo.JoinVo">
    	/* userInfo.joinInsert */
        INSERT INTO
        USER_INFO
        (USER_ID
        ,USER_PW
        ,USER_NAME
        ,USER_PHONE1
        ,USER_PHONE2
        ,USER_PHONE3
        ,USER_ADDR1
        ,USER_ADDR2
        ,USER_COMPANY
        )
        VALUES
        (#{userId}
        ,#{userPw}
        ,#{userName}
        ,#{userPhone1}
        ,#{userPhone2}
        ,#{userPhone3}
        ,#{userAddr1}
        ,#{userAddr2}
        ,#{userCompany}
        )
    </select>
    
    <select id = "idCheck" resultType = "int">
    	/* userInfo.idCheck */
    	SELECT COUNT(*) FROM USER_INFO
    	WHERE USER_ID = #{userId}
    </select>
    
    <select id = "login" parameterType="com.spring.board.vo.JoinVo" resultMap="joinVo">
    	/* userInfo.login */
    	SELECT USER_ID, USER_NAME
    	FROM USER_INFO
    	WHERE USER_ID = #{userId}
    	AND USER_PW = #{userPw}
    </select>
	
</mapper>
