<?xml version="1.0" encoding="UTF-8"?>
<!DOCTYPE mapper PUBLIC "-//mybatis.org//DTD Mapper 3.0//EN" "http://mybatis.org/dtd/mybatis-3-mapper.dtd">
<mapper namespace="com.example.mapper.NoticeMapper">
 	<select id="list" resultType="com.example.domain.NoticeVO">
 		select n.*, photo, uname 
 		from tbl_notice n, tbl_user
 		where sender=uid
 		order by id desc
 	</select>
 	<select id="notice_unread_count" resultType="int">
 		select count(*) from tbl_notice
		where regdate > (select notice_read_date from tbl_user where uid=#{uid})
 	</select>
 	<update id="notice_read_date">
 		update tbl_user set notice_read_date = now()
 		where uid=#{uid}
 	</update>
 	<insert id="insert">
 		insert into tbl_notice(sender, content)
 		value(#{sender}, #{content})
 	</insert>
 	<delete id="delete">
 		delete from tbl_notice where id=#{id}
 	</delete>
</mapper>