<?xml version="1.0" encoding="UTF-8"?>
<!DOCTYPE mapper PUBLIC "-//mybatis.org//DTD Mapper 3.0//EN" "http://mybatis.org/dtd/mybatis-3-mapper.dtd">
<mapper namespace="com.example.mapper.ProductMapper">
	<select id="maxCode" resultType="String">
		select max(pcode) from tbl_product
	</select>
	<select id="list" resultType="com.example.domain.ProductVO">
		select * from tbl_product
		order by pcode desc
	</select>
	<select id="read" resultType="com.example.domain.ProductVO">
		select * from tbl_product
		where pcode = #{pcode}
	</select>
	<insert id="insert">
		insert into tbl_product(pcode, pname, price, image)
		values(#{pcode}, #{pname}, #{price}, #{image})
	</insert>
	<update id="update">
		update tbl_product set pname = #{pname}, price = #{price}, image = #{image}
		where pcode = #{pcode}
	</update>
	<delete id="delete">
		delete from tbl_product
		where pcode = #{pcode}
	</delete>
</mapper>
